receptor_model,ligand,score_kcal_mol,interactions,n_interactions
model_02,ligand_3805_out,-13.732,ASP105.A:Hydrophobic;GLN134.A:HBAcceptor;GLN134.A:Hydrophobic;LYS136.A:Hydrophobic;PHE149.A:PiStacking;PHE149.A:Hydrophobic;LYS181.A:Hydrophobic;ARG197.A:Hydrophobic,8
model_01,ligand_3805_out,-12.809,GLN134.A:Hydrophobic;LYS136.A:Hydrophobic;PHE149.A:Hydrophobic;ARG197.A:Hydrophobic,4
model_02,ligand_4054_out,-12.791,PHE149.A:PiStacking;PHE149.A:Hydrophobic;ARG197.A:Hydrophobic,3
model_02,ligand_7654_out,-12.788,GLN134.A:Hydrophobic;LYS136.A:Hydrophobic;PHE149.A:PiStacking;PHE149.A:Hydrophobic;LYS181.A:Hydrophobic;ARG197.A:Hydrophobic,6
model_02,ligand_7239_out,-12.701,ASP105.A:HBDonor;ASP105.A:Hydrophobic;GLN134.A:Hydrophobic;PHE149.A:PiStacking;PHE149.A:Hydrophobic;LYS181.A:Hydrophobic;ARG197.A:Hydrophobic,7
model_02,ligand_3862_out,-12.698,ASP105.A:HBDonor;ASP105.A:Hydrophobic;GLN134.A:Hydrophobic;PHE149.A:PiStacking;PHE149.A:Hydrophobic;ARG197.A:Hydrophobic;SER254.A:HBAcceptor,7
model_02,ligand_3740_out,-12.586,ASP105.A:Hydrophobic;GLN134.A:Hydrophobic;LYS136.A:Hydrophobic;PHE149.A:PiStacking;PHE149.A:Hydrophobic;LYS181.A:Hydrophobic;ARG197.A:Hydrophobic,7
model_02,ligand_4578_out,-12.433,ASP105.A:Hydrophobic;MET132.A:Hydrophobic;GLN134.A:Hydrophobic;LYS136.A:Hydrophobic;PHE149.A:PiStacking;PHE149.A:Hydrophobic;LYS181.A:Hydrophobic;ARG197.A:Hydrophobic,8
model_02,ligand_453_out,-12.405,ASP105.A:HBDonor;GLN134.A:Hydrophobic;LYS136.A:Hydrophobic;PHE149.A:PiStacking;PHE149.A:Hydrophobic;LYS181.A:Hydrophobic;ARG197.A:Hydrophobic;ARG197.A:PiCation,8
model_02,ligand_9293_out,-12.396,GLN134.A:Hydrophobic;LYS136.A:Hydrophobic;PHE149.A:PiStacking;PHE149.A:Hydrophobic;ARG197.A:Hydrophobic;SER254.A:HBAcceptor,6
model_02,ligand_1803_out,-12.299,ASP105.A:Hydrophobic;PHE149.A:Hydrophobic;LYS181.A:Hydrophobic;ARG197.A:Hydrophobic,4
model_02,ligand_7261_out,-12.277,ASP105.A:HBDonor;ASP105.A:Hydrophobic;GLN134.A:Hydrophobic;LYS136.A:Hydrophobic;PHE149.A:PiStacking;PHE149.A:Hydrophobic;LYS181.A:Hydrophobic;ARG197.A:Hydrophobic,8
model_02,ligand_3996_out,-12.258,ASP105.A:HBDonor;ASP105.A:Hydrophobic;GLN134.A:Hydrophobic;LYS136.A:Hydrophobic;PHE149.A:PiStacking;PHE149.A:Hydrophobic;LYS181.A:Hydrophobic;ARG197.A:Hydrophobic,8
model_01,ligand_7654_out,-12.241,GLN134.A:Hydrophobic;LYS136.A:Hydrophobic;PHE149.A:PiStacking;PHE149.A:Hydrophobic;LYS181.A:Hydrophobic;ARG197.A:Hydrophobic,6
model_02,ligand_2416_out,-12.236,ASP105.A:Hydrophobic;PHE149.A:PiStacking;PHE149.A:Hydrophobic;LYS181.A:Hydrophobic;ARG197.A:Hydrophobic;SER254.A:HBAcceptor,6
model_02,ligand_6100_out,-12.178,ASP105.A:Hydrophobic;GLN134.A:Hydrophobic;LYS136.A:Hydrophobic;PHE149.A:PiStacking;PHE149.A:Hydrophobic;ARG197.A:Hydrophobic;ARG197.A:PiCation,7
model_02,ligand_3991_out,-12.155,ASP105.A:Hydrophobic;GLN134.A:Hydrophobic;LYS136.A:Hydrophobic;PHE149.A:PiStacking;PHE149.A:Hydrophobic;LYS181.A:Hydrophobic;ARG197.A:Hydrophobic,7
model_02,ligand_9467_out,-12.123,ASP105.A:Hydrophobic;PHE149.A:PiStacking;PHE149.A:Hydrophobic;ARG197.A:Hydrophobic;SER254.A:HBAcceptor,5
model_01,ligand_3862_out,-12.105,ASP105.A:HBDonor;ASP105.A:Hydrophobic;GLN134.A:Hydrophobic;PHE149.A:PiStacking;PHE149.A:Hydrophobic;ARG197.A:Hydrophobic,6
model_02,ligand_1850_out,-12.099,ASP105.A:HBDonor;GLN134.A:Hydrophobic;PHE149.A:PiStacking;PHE149.A:Hydrophobic;LYS181.A:Hydrophobic;ARG197.A:Hydrophobic;ILE253.A:Hydrophobic,7
model_02,ligand_7247_out,-12.096,GLN134.A:Hydrophobic;LYS136.A:Hydrophobic;PHE149.A:Hydrophobic;ARG197.A:Hydrophobic,4
model_02,ligand_3256_out,-12.066,ASP105.A:HBDonor;ASP105.A:Hydrophobic;GLN134.A:Hydrophobic;PHE149.A:PiStacking;PHE149.A:Hydrophobic;LYS181.A:Hydrophobic;ARG197.A:Hydrophobic,7
model_02,ligand_1209_out,-12.028,ASP105.A:Hydrophobic;PHE149.A:PiStacking;PHE149.A:Hydrophobic;LYS181.A:Hydrophobic;ARG197.A:HBAcceptor;ARG197.A:Hydrophobic,6
model_02,ligand_7541_out,-12.015,GLN134.A:Hydrophobic;LYS136.A:Hydrophobic;PHE149.A:PiStacking;PHE149.A:Hydrophobic;ARG197.A:HBAcceptor;ARG197.A:Hydrophobic,6
model_02,ligand_1498_out,-11.953,ASP105.A:Hydrophobic;GLN134.A:Hydrophobic;LYS136.A:Hydrophobic;PHE149.A:Hydrophobic;ARG197.A:Hydrophobic;ARG197.A:PiCation,6
model_02,ligand_9261_out,-11.945,ASP105.A:Hydrophobic;GLN134.A:Hydrophobic;PHE149.A:PiStacking;PHE149.A:Hydrophobic;LYS181.A:Hydrophobic;LYS181.A:PiCation;ARG197.A:Hydrophobic,7
model_19,ligand_3805_out,-11.945,ASP105.A:Hydrophobic;GLN134.A:HBAcceptor;GLN134.A:Hydrophobic;LYS136.A:Hydrophobic;PHE149.A:PiStacking;PHE149.A:Hydrophobic;LYS181.A:Hydrophobic;ARG197.A:Hydrophobic,8
model_02,ligand_3743_out,-11.922,GLN134.A:Hydrophobic;LYS136.A:Hydrophobic;PHE149.A:PiStacking;PHE149.A:Hydrophobic;LYS181.A:Hydrophobic;ARG197.A:Hydrophobic,6
model_02,ligand_9203_out,-11.895,ASP105.A:HBDonor;GLN134.A:Hydrophobic;PHE149.A:PiStacking;PHE149.A:Hydrophobic;LYS181.A:Hydrophobic;ARG197.A:Hydrophobic,6
model_19,ligand_3740_out,-11.895,ASP105.A:Hydrophobic;GLN134.A:Hydrophobic;LYS136.A:Hydrophobic;PHE149.A:Hydrophobic;LYS181.A:HBAcceptor;LYS181.A:Hydrophobic;ARG197.A:Hydrophobic;ARG197.A:PiCation,8
model_02,ligand_1052_out,-11.876,ASP105.A:Hydrophobic;LYS136.A:Hydrophobic;PHE149.A:PiStacking;PHE149.A:Hydrophobic;LYS181.A:Hydrophobic;ARG197.A:Hydrophobic;SER254.A:HBAcceptor,7
model_02,ligand_8571_out,-11.871,ASP105.A:Hydrophobic;GLN134.A:HBAcceptor;GLN134.A:Hydrophobic;LYS136.A:Hydrophobic;PHE149.A:PiStacking;PHE149.A:Hydrophobic;LYS181.A:Hydrophobic;ARG197.A:Hydrophobic,8
model_02,ligand_8163_out,-11.864,ASP105.A:HBDonor;PHE149.A:Hydrophobic;LYS181.A:Hydrophobic;ARG197.A:Hydrophobic;ARG197.A:PiCation;SER254.A:HBAcceptor,6
model_02,ligand_8955_out,-11.85,GLN134.A:Hydrophobic;PHE149.A:Hydrophobic;LYS181.A:Hydrophobic;ARG197.A:Hydrophobic;SER254.A:HBAcceptor,5
model_02,ligand_783_out,-11.847,ASP105.A:Hydrophobic;GLN134.A:Hydrophobic;LYS136.A:Hydrophobic;PHE149.A:PiStacking;PHE149.A:Hydrophobic;LYS181.A:Hydrophobic;ARG197.A:Hydrophobic,7
model_01,ligand_6353_out,-11.809,GLN134.A:HBAcceptor;LYS136.A:Hydrophobic;PHE147.A:Hydrophobic;PHE149.A:PiStacking;PHE149.A:Hydrophobic;ARG197.A:Hydrophobic,6
model_02,ligand_3906_out,-11.796,GLN134.A:Hydrophobic;LYS136.A:Hydrophobic;PHE149.A:PiStacking;PHE149.A:Hydrophobic;ARG197.A:Hydrophobic,5
model_02,ligand_5748_out,-11.789,ASP105.A:Hydrophobic;GLN134.A:Hydrophobic;PHE149.A:PiStacking;PHE149.A:Hydrophobic;LYS181.A:Hydrophobic;ARG197.A:Hydrophobic;ARG197.A:PiCation,7
model_02,ligand_9775_out,-11.739,ASP105.A:HBDonor;PHE149.A:Hydrophobic;LYS181.A:Hydrophobic;ARG197.A:Hydrophobic;ARG197.A:PiCation,5
model_02,ligand_4405_out,-11.711,ASP105.A:Hydrophobic;PHE149.A:Hydrophobic;ARG197.A:Hydrophobic,3
model_02,ligand_2811_out,-11.704,PHE149.A:PiStacking;PHE149.A:Hydrophobic;LYS181.A:Hydrophobic;ARG197.A:Hydrophobic;SER254.A:HBAcceptor,5
model_19,ligand_9293_out,-11.704,GLN134.A:Hydrophobic;LYS136.A:Hydrophobic;PHE149.A:PiStacking;PHE149.A:Hydrophobic;ARG197.A:Hydrophobic,5
model_02,ligand_1047_out,-11.7,ASP105.A:Hydrophobic;PHE149.A:PiStacking;PHE149.A:Hydrophobic;LYS181.A:Hydrophobic;ARG197.A:Hydrophobic,5
model_19,ligand_3862_out,-11.698,ASP105.A:HBDonor;ASP105.A:Hydrophobic;GLN134.A:Hydrophobic;PHE149.A:PiStacking;PHE149.A:Hydrophobic;LYS181.A:Hydrophobic;ARG197.A:Hydrophobic,7
model_02,ligand_7729_out,-11.672,ASP105.A:HBDonor;GLN134.A:Hydrophobic;LYS136.A:Hydrophobic;PHE149.A:Hydrophobic;LYS181.A:Hydrophobic;ARG197.A:Hydrophobic,6
model_02,ligand_6571_out,-11.671,ASP105.A:Hydrophobic;GLN134.A:Hydrophobic;PHE149.A:PiStacking;PHE149.A:Hydrophobic;LYS181.A:Hydrophobic;ARG197.A:Hydrophobic;SER254.A:HBAcceptor,7
model_02,ligand_4258_out,-11.662,GLN134.A:Hydrophobic;LYS136.A:Hydrophobic;PHE149.A:PiStacking;PHE149.A:Hydrophobic;ARG197.A:Hydrophobic,5
model_02,ligand_1374_out,-11.656,ASP105.A:Hydrophobic;GLN134.A:Hydrophobic;PHE149.A:PiStacking;PHE149.A:Hydrophobic;LYS181.A:Hydrophobic;ARG197.A:Hydrophobic;ILE253.A:Hydrophobic,7
model_02,ligand_6354_out,-11.65,LYS136.A:Hydrophobic;PHE149.A:PiStacking;PHE149.A:Hydrophobic;LYS181.A:Hydrophobic;ARG197.A:Hydrophobic;SER254.A:HBAcceptor,6
model_02,ligand_5982_out,-11.649,GLN134.A:Hydrophobic;PHE149.A:PiStacking;PHE149.A:Hydrophobic;LYS181.A:Hydrophobic;ARG197.A:Hydrophobic;SER254.A:HBAcceptor,6
