receptor_model,ligand,pose_rank,score_kcal_mol,n_contacted_residues,literature_pocket_contacts,domain_matched,all_contacted_residues
model_01,ligand_10_out,1,-6.866,11,Phe149;Lys181,RRM1,ASP105;GLN134;LYS136;PHE149;PRO178;SER180;LYS181;ARG197;THR199;ILE253;SER254
model_01,ligand_11_out,1,-7.243,10,Phe149;Lys181,RRM1,ASP105;GLN134;LYS136;PHE149;LYS181;ARG197;THR199;ILE253;SER254;VAL255
model_01,ligand_12_out,1,-8.371,12,Phe147;Phe149;Lys181,RRM1,ASP105;GLN134;LYS136;PHE147;PHE149;SER180;LYS181;ARG197;THR199;ILE253;SER254;VAL255
model_01,ligand_13_out,1,-6.752,10,Phe149;Lys181;His256,RRM1+RRM2,ASP105;GLN134;LYS136;PHE149;LYS181;ARG197;ILE253;SER254;VAL255;HIS256
model_01,ligand_14_out,1,-6.759,11,Phe149;Lys181;His256,RRM1+RRM2,ASP105;GLN134;LYS136;PHE149;LYS181;ARG197;THR199;ILE253;SER254;VAL255;HIS256
model_01,ligand_15_out,1,-6.987,9,Phe149;Lys181,RRM1,ASP105;GLN134;LYS136;PHE149;LYS181;ARG197;THR199;ILE253;SER254
model_01,ligand_16_out,1,-9.794,13,Phe147;Phe149;Lys181,RRM1,ASP105;ILE107;GLN134;LYS136;PHE147;PHE149;PRO178;ASN179;SER180;LYS181;ARG197;SER254;VAL255
model_01,ligand_17_out,1,-13.214,13,Phe147;Phe149;Lys181,RRM1,ASP105;GLN134;LYS136;LYS145;PHE147;PHE149;PRO178;SER180;LYS181;ARG197;THR199;ILE253;SER254
model_01,ligand_18_out,1,-5.257,8,Phe149;Lys181;His256,RRM1+RRM2,ASP105;GLN134;PHE149;LYS181;ARG197;SER254;VAL255;HIS256
model_01,ligand_19_out,1,-5.795,10,Phe149;Lys181;His256,RRM1+RRM2,ASP105;GLN134;PHE149;PRO178;SER180;LYS181;ARG197;SER254;VAL255;HIS256
model_01,ligand_1_out,1,-8.57,10,Phe149;Lys181,RRM1,ASP105;GLN134;LYS136;PHE149;PRO178;ASN179;SER180;LYS181;ARG197;SER254
model_01,ligand_20_out,1,-7.601,10,Phe149;Lys181,RRM1,ASP105;GLN134;LYS136;PHE149;SER180;LYS181;ARG197;THR199;ILE253;SER254
model_01,ligand_2_out,1,-12.198,14,Trp113;Phe147,RRM1,LEU111;TRP113;LYS114;THR115;THR116;GLU117;GLN134;VAL135;LYS137;GLY142;HIS143;GLY146;PHE147;ASP201
model_01,ligand_3_out,1,-6.792,9,Phe149;Lys181;His256,RRM1+RRM2,ASP105;GLN134;LYS136;PHE149;LYS181;ARG197;SER254;VAL255;HIS256
model_01,ligand_4_out,1,-10.761,15,Phe147;Phe149;Lys181,RRM1,ASP105;ILE107;LEU109;GLN134;LYS136;LYS145;PHE147;PHE149;PRO178;ASN179;SER180;LYS181;ARG197;ALA228;SER254
model_01,ligand_5_out,1,-4.362,7,Phe149;Lys181;His256,RRM1+RRM2,ASP105;PHE149;LYS181;ARG197;SER254;VAL255;HIS256
model_01,ligand_6_out,1,-7.576,10,Phe149;Lys181,RRM1,ASP105;GLN134;LYS136;PHE149;LYS181;ARG197;THR199;ILE253;SER254;VAL255
model_01,ligand_7_out,1,-7.922,10,Phe149;Lys181;His256,RRM1+RRM2,ASP105;GLN134;LYS136;PHE149;SER180;LYS181;ARG197;SER254;VAL255;HIS256
model_01,ligand_8_out,1,-4.129,10,Trp113;Phe147,RRM1,LEU111;PRO112;TRP113;LYS114;THR115;VAL135;LYS136;LYS137;GLY146;PHE147
model_01,ligand_9_out,1,-7.029,13,Phe149;Arg151;Lys181;Asp247;His256,RRM1+RRM2,ASP105;GLN134;LYS136;PHE149;ARG151;LYS181;ARG197;THR199;ASP247;ILE253;SER254;VAL255;HIS256
model_02,ligand_10_out,1,-7.267,13,Phe149;Lys181,RRM1,SER104;ASP105;MET132;GLN134;LYS136;PHE149;PRO178;SER180;LYS181;ARG197;GLY252;ILE253;SER254
model_02,ligand_11_out,1,-7.22,10,Phe149;Lys181,RRM1,ASP105;GLN134;LYS136;PHE149;SER180;LYS181;ARG197;THR199;ILE253;SER254
model_02,ligand_12_out,1,-9.033,11,Phe149;Lys181,RRM1,ASP105;GLN134;PHE149;PRO178;ASN179;SER180;LYS181;ARG197;GLY252;ILE253;SER254
model_02,ligand_13_out,1,-6.532,9,Phe149;Lys181;His256,RRM1+RRM2,ASP105;GLN134;LYS136;PHE149;LYS181;ARG197;ILE253;SER254;HIS256
model_02,ligand_14_out,1,-6.292,8,Phe149;Lys181,RRM1,ASP105;GLN134;PHE149;PRO178;LYS181;ARG197;ILE253;SER254
model_02,ligand_15_out,1,-6.598,8,Phe149;Lys181,RRM1,ASP105;GLN134;PHE149;LYS181;ARG197;ILE253;SER254;VAL255
model_02,ligand_16_out,1,-9.842,10,Phe149;Lys181,RRM1,ASP105;LYS136;LYS145;PHE149;PRO178;ASN179;SER180;LYS181;ARG197;SER254
model_02,ligand_17_out,1,-13.081,14,Phe147;Phe149;Lys181,RRM1,ASP105;ILE107;LEU109;GLN134;LYS136;PHE147;PHE149;PRO178;ASN179;SER180;LYS181;ARG197;ILE253;SER254
model_02,ligand_18_out,1,-4.986,6,Phe149;Lys181,RRM1,ASP105;LYS136;PHE149;LYS181;ARG197;SER254
model_02,ligand_19_out,1,-5.577,8,Phe149;Lys181,RRM1,ASP105;GLN134;PHE149;PRO178;LYS181;ARG197;ILE253;SER254
model_02,ligand_1_out,1,-8.486,12,Phe147;Phe149;Lys181,RRM1,GLN134;LYS136;PHE147;PHE149;PRO178;SER180;LYS181;ARG197;THR199;ILE253;SER254;VAL255
model_02,ligand_20_out,1,-8.113,9,Phe149;Lys181,RRM1,ASP105;GLN134;LYS136;PHE149;PRO178;SER180;LYS181;ARG197;SER254
model_02,ligand_2_out,1,-11.685,16,Trp113;Phe147,RRM1,LEU111;TRP113;THR115;THR116;GLU117;GLN134;VAL135;LYS136;LYS137;GLY142;LYS145;GLY146;PHE147;THR199;ASP201;ILE253
model_02,ligand_3_out,1,-7.238,9,Phe149;Lys181,RRM1,ASP105;GLN134;LYS136;PHE149;PRO178;LYS181;ARG197;ILE253;SER254
model_02,ligand_4_out,1,-10.663,12,Phe147;Phe149;Lys181,RRM1,ASP105;LYS136;LYS145;PHE147;PHE149;ASN179;SER180;LYS181;GLY196;ARG197;ALA228;SER254
model_02,ligand_5_out,1,-4.365,7,Phe149,RRM1,ASP105;GLN134;LYS136;PHE149;ARG197;ILE253;SER254
model_02,ligand_6_out,1,-8.343,9,Phe149;Lys181,RRM1,ASP105;GLN134;LYS136;PHE149;PRO178;SER180;LYS181;ARG197;SER254
model_02,ligand_7_out,1,-7.692,10,Phe147;Phe149;Lys181,RRM1,ASP105;LYS136;LYS145;PHE147;PHE149;ASN179;SER180;LYS181;ARG197;SER254
model_02,ligand_8_out,1,-4.149,8,Phe149;Lys181,RRM1,ASP105;GLN134;LYS136;PHE149;LYS181;ARG197;ILE253;SER254
model_02,ligand_9_out,1,-7.112,12,Phe149;Lys181,RRM1,ASP105;MET132;GLN134;LYS136;PHE149;PRO178;SER180;LYS181;ARG197;GLY252;ILE253;SER254
model_05,ligand_10_out,1,-7.29,10,Phe149;Lys181;Asp247;His256,RRM1+RRM2,ASP105;PHE149;PRO178;SER180;LYS181;ARG197;ASP247;SER254;VAL255;HIS256
model_05,ligand_11_out,1,-6.495,12,Trp113;Phe147,RRM1,LEU111;TRP113;LYS114;THR115;VAL135;LYS136;LYS137;GLY142;HIS143;LYS145;GLY146;PHE147
model_05,ligand_12_out,1,-8.674,14,Phe149;Lys181;Asp247;His256,RRM1+RRM2,ASP105;GLN134;LYS136;PHE149;PRO178;ASN179;SER180;LYS181;ARG197;ASP247;ILE253;SER254;VAL255;HIS256
model_05,ligand_13_out,1,-6.238,10,Phe149;Lys181;Asp247;His256,RRM1+RRM2,ASP105;PHE149;PRO178;SER180;LYS181;ARG197;ASP247;SER254;VAL255;HIS256
model_05,ligand_14_out,1,-6.431,9,Phe149;Lys181;Asp247;His256,RRM1+RRM2,ASP105;PHE149;SER180;LYS181;ARG197;ASP247;SER254;VAL255;HIS256
model_05,ligand_15_out,1,-6.015,11,Phe149;Lys181;Asp247;His256,RRM1+RRM2,ASP105;GLN134;LYS136;PHE149;SER180;LYS181;ARG197;ASP247;SER254;VAL255;HIS256
model_05,ligand_16_out,1,-9.161,14,NONE,neither,GLU117;GLN134;VAL135;LYS136;LYS137;LEU139;CYS198;THR199;GLU200;ASP201;PHE226;ARG227;ALA228;ILE253
model_05,ligand_17_out,1,-11.949,14,Phe147;Phe149;Lys181;Asp247;His256,RRM1+RRM2,ASP105;ILE107;LEU109;LYS145;PHE147;PHE149;PRO178;ASN179;SER180;LYS181;ARG197;ASP247;SER254;HIS256
model_05,ligand_18_out,1,-5.294,8,Phe149;Lys181;Asp247;His256,RRM1+RRM2,ASP105;PHE149;LYS181;ARG197;ASP247;SER254;VAL255;HIS256
model_05,ligand_19_out,1,-5.726,9,Phe149;Lys181;Asp247;His256,RRM1+RRM2,ASP105;PHE149;SER180;LYS181;ARG197;ASP247;SER254;VAL255;HIS256
model_05,ligand_1_out,1,-7.057,9,NONE,neither,GLN134;LYS136;LYS137;LEU139;CYS198;THR199;GLU200;ASP201;ILE253
model_05,ligand_20_out,1,-6.945,7,Phe149;Lys181,RRM1,ASP105;PHE149;PRO178;SER180;LYS181;ARG197;SER254
model_05,ligand_2_out,1,-12.154,16,Trp113,RRM1,LEU111;TRP113;THR115;THR116;GLU117;GLN134;VAL135;LYS136;LYS137;GLY142;HIS143;LYS145;GLY146;THR199;ASP201;ILE253
model_05,ligand_3_out,1,-6.409,11,Phe149;Lys181;Asp247,RRM1+RRM2,SER104;ASP105;GLN134;LYS136;PHE149;PRO178;SER180;LYS181;ARG197;ASP247;SER254
model_05,ligand_4_out,1,-9.812,11,Phe147;Phe149;Lys181;Asp247,RRM1+RRM2,ASP105;LEU109;LYS145;PHE147;PHE149;ASN179;SER180;LYS181;ARG197;ASP247;SER254
model_05,ligand_5_out,1,-4.437,8,Phe149;Lys181;Asp247;His256,RRM1+RRM2,ASP105;PHE149;LYS181;ARG197;ASP247;SER254;VAL255;HIS256
model_05,ligand_6_out,1,-6.513,12,Trp113;Phe147,RRM1,LEU111;PRO112;TRP113;LYS114;THR115;THR116;VAL135;LYS137;GLY142;HIS143;GLY146;PHE147
model_05,ligand_7_out,1,-7.148,9,Trp113,RRM1,LEU111;PRO112;TRP113;LYS114;THR115;VAL135;LYS137;GLY142;GLY146
model_05,ligand_8_out,1,-4.425,10,Phe149;Lys181;Asp247;Lys248;His256,RRM1+RRM2,ASP105;PHE149;SER180;LYS181;ARG197;ASP247;LEU248;SER254;VAL255;HIS256
model_05,ligand_9_out,1,-6.564,11,Phe149;Lys181;Asp247;His256,RRM1+RRM2,ASP105;MET132;GLN134;LYS136;PHE149;LYS181;ARG197;ASP247;SER254;VAL255;HIS256
model_11,ligand_10_out,1,-6.855,14,Phe149;Arg151;Lys181;Asp247;Lys248;His256,RRM1+RRM2,SER104;ASP105;GLN134;LYS136;PHE149;ARG151;LYS181;ARG197;THR199;ASP247;LEU248;SER254;VAL255;HIS256
model_11,ligand_11_out,1,-6.626,12,Phe149;Arg151;Lys181;Asp247;Lys248;His256,RRM1+RRM2,ASP105;GLN134;LYS136;PHE149;ARG151;LYS181;ARG197;ASP247;LEU248;SER254;VAL255;HIS256
model_11,ligand_12_out,1,-7.513,12,Phe149;Lys181,RRM1,ASP105;GLN134;LYS136;PHE149;PRO178;ASN179;SER180;LYS181;ARG197;THR199;SER254;VAL255
model_11,ligand_13_out,1,-6.266,9,Trp113,RRM1,LEU111;PRO112;TRP113;LYS114;THR115;VAL135;HIS143;SER144;GLY146
model_11,ligand_14_out,1,-6.406,13,Phe149;Arg151;Lys181;Asp247;Lys248;His256,RRM1+RRM2,SER104;ASP105;GLN134;LYS136;PHE149;ARG151;LYS181;ARG197;ASP247;LEU248;SER254;VAL255;HIS256
model_11,ligand_15_out,1,-6.596,12,Phe149;Arg151;Lys181;Asp247;Lys248;His256,RRM1+RRM2,ASP105;GLN134;LYS136;PHE149;ARG151;LYS181;ARG197;ASP247;LEU248;SER254;VAL255;HIS256
model_11,ligand_16_out,1,-8.925,13,Phe147;Phe149;Lys181,RRM1,ASP105;ILE107;LEU109;GLN134;LYS136;PHE147;PHE149;PRO178;ASN179;SER180;LYS181;ARG197;SER254
model_11,ligand_17_out,1,-12.075,14,Phe147;Phe149;Lys181,RRM1,ASP105;ILE107;LEU109;GLN134;LYS136;PHE147;PHE149;PRO178;ASN179;SER180;LYS181;ARG197;ILE253;SER254
model_11,ligand_18_out,1,-5.273,8,Phe149;Lys181;Asp247;His256,RRM1+RRM2,ASP105;PHE149;LYS181;ARG197;ASP247;SER254;VAL255;HIS256
model_11,ligand_19_out,1,-5.684,9,Phe149;Lys181;Asp247;His256,RRM1+RRM2,ASP105;PHE149;PRO178;LYS181;ARG197;ASP247;SER254;VAL255;HIS256
model_11,ligand_1_out,1,-7.704,11,Phe147;Phe149;Lys181,RRM1,ASP105;GLN134;LYS136;PHE147;PHE149;PRO178;ASN179;SER180;LYS181;ARG197;SER254
model_11,ligand_20_out,1,-7.861,12,Phe149;Arg151;Lys181;Asp247;His256,RRM1+RRM2,SER104;ASP105;GLN134;LYS136;PHE149;ARG151;LYS181;ARG197;ASP247;SER254;VAL255;HIS256
model_11,ligand_2_out,1,-12.624,16,Phe147;Phe149;Arg151;Lys181;Asp247,RRM1+RRM2,ASP105;ILE107;LEU109;GLN134;LYS136;LYS145;PHE147;PHE149;ARG151;PRO178;ASN179;SER180;LYS181;ARG197;ASP247;SER254
model_11,ligand_3_out,1,-6.543,10,Phe149;Lys181;Asp247;His256,RRM1+RRM2,ASP105;GLN134;LYS136;PHE149;LYS181;ARG197;ASP247;SER254;VAL255;HIS256
model_11,ligand_4_out,1,-9.743,13,Trp113,RRM1,LEU111;PRO112;TRP113;LYS114;THR115;GLU117;GLN134;VAL135;LYS137;SER144;THR199;GLU200;ASP201
model_11,ligand_5_out,1,-4.314,8,Phe149;Arg151;Lys181;Asp247,RRM1+RRM2,SER104;ASP105;PHE149;ARG151;LYS181;ASP247;SER254;VAL255
model_11,ligand_6_out,1,-7.221,10,Phe149;Lys181;His256,RRM1+RRM2,ASP105;GLN134;PHE149;PRO178;SER180;LYS181;ARG197;SER254;VAL255;HIS256
model_11,ligand_7_out,1,-7.398,12,Phe149;Lys181;Asp247;Lys248;His256,RRM1+RRM2,ASP105;LYS136;PHE149;ASN179;SER180;LYS181;ARG197;ASP247;LEU248;SER254;VAL255;HIS256
model_11,ligand_8_out,1,-4.197,10,Phe149;Arg151;Lys181;Asp247;Lys248;His256,RRM1+RRM2,ASP105;PHE149;ARG151;LYS181;ARG197;ASP247;LEU248;SER254;VAL255;HIS256
model_11,ligand_9_out,1,-7.293,12,Phe149;Arg151;Lys181;Asp247;Lys248,RRM1+RRM2,ASP105;GLN134;LYS136;PHE149;ARG151;LYS181;ARG197;ASP247;LEU248;ILE253;SER254;VAL255
model_19,ligand_10_out,1,-7.143,12,Phe149;Lys181,RRM1,SER104;ASP105;MET132;GLN134;LYS136;PHE149;PRO178;SER180;LYS181;ARG197;ILE253;SER254
model_19,ligand_11_out,1,-6.705,13,Trp113;Phe147,RRM1,LEU111;TRP113;LYS114;THR115;VAL135;LYS136;LYS137;GLY142;HIS143;SER144;LYS145;GLY146;PHE147
model_19,ligand_12_out,1,-8.495,12,Phe149;Lys181,RRM1,ASP105;GLN134;LYS136;PHE149;PRO178;ASN179;SER180;LYS181;ARG197;THR199;ILE253;SER254
model_19,ligand_13_out,1,-6.687,10,Phe149;Lys181;Asp247,RRM1+RRM2,ASP105;MET132;GLN134;LYS136;PHE149;LYS181;ARG197;ASP247;SER254;VAL255
model_19,ligand_14_out,1,-6.815,11,Phe149;Lys181;His256,RRM1+RRM2,ASP105;GLN134;LYS136;PHE149;PRO178;LYS181;ARG197;ILE253;SER254;VAL255;HIS256
model_19,ligand_15_out,1,-6.64,12,Phe149;Lys181;Asp247;His256,RRM1+RRM2,ASP105;GLN134;LYS136;PHE149;LYS181;ARG197;THR199;ASP247;ILE253;SER254;VAL255;HIS256
model_19,ligand_16_out,1,-8.995,10,NONE,neither,GLN134;VAL135;LYS136;LYS137;LEU139;CYS198;THR199;GLU200;ASP201;PHE226
model_19,ligand_17_out,1,-12.276,11,Phe147;Phe149;Lys181,RRM1,ASP105;GLN134;LYS136;LYS145;PHE147;PHE149;PRO178;SER180;LYS181;ARG197;SER254
model_19,ligand_18_out,1,-5.424,8,Phe149;Lys181;Asp247;His256,RRM1+RRM2,ASP105;PHE149;LYS181;ARG197;ASP247;SER254;VAL255;HIS256
model_19,ligand_19_out,1,-5.704,12,Phe149;Lys181;Asp247;His256,RRM1+RRM2,ASP105;GLN134;LYS136;PHE149;PRO178;SER180;LYS181;ARG197;ASP247;SER254;VAL255;HIS256
model_19,ligand_1_out,1,-8.102,10,Phe149;Lys181,RRM1,ASP105;GLN134;LYS136;PHE149;PRO178;SER180;LYS181;ARG197;ILE253;SER254
model_19,ligand_20_out,1,-7.512,11,Phe149;Lys181;Asp247;His256,RRM1+RRM2,ASP105;LYS136;PHE149;PRO178;SER180;LYS181;ARG197;ASP247;SER254;VAL255;HIS256
model_19,ligand_2_out,1,-12.151,15,Trp113;Phe147,RRM1,TRP113;THR115;THR116;GLU117;GLN134;VAL135;LYS136;LYS137;GLY142;HIS143;SER144;LYS145;GLY146;PHE147;THR199
model_19,ligand_3_out,1,-6.927,11,Phe149;Lys181;Asp247,RRM1+RRM2,ASP105;GLN134;LYS136;PHE149;PRO178;LYS181;ARG197;ASP247;ILE253;SER254;VAL255
model_19,ligand_4_out,1,-10.531,15,Phe147;Phe149;Lys181;Asp247,RRM1+RRM2,ASP105;LYS136;LEU139;LYS145;PHE147;PHE149;PRO178;ASN179;SER180;LYS181;ARG197;CYS198;ALA228;ASP247;SER254
model_19,ligand_5_out,1,-4.409,5,Phe149;Lys181,RRM1,ASP105;PHE149;LYS181;ARG197;SER254
model_19,ligand_6_out,1,-7.554,8,Phe149;Lys181,RRM1,ASP105;GLN134;LYS136;PHE149;LYS181;ARG197;ILE253;SER254
model_19,ligand_7_out,1,-7.497,11,Trp113,RRM1,LEU111;TRP113;THR115;THR116;GLU117;VAL135;LYS137;GLY142;HIS143;LYS145;GLY146
model_19,ligand_8_out,1,-4.054,9,Trp113;Phe147,RRM1,LEU111;TRP113;VAL135;LYS136;LYS137;GLY142;HIS143;GLY146;PHE147
model_19,ligand_9_out,1,-7.103,10,Phe149;Lys181;Asp247,RRM1+RRM2,ASP105;GLN134;LYS136;PHE149;PRO178;LYS181;ARG197;ASP247;ILE253;SER254
