receptor_model,ligand,score_kcal_mol,n_contacted_residues,literature_pocket_contacts,domain_matched
model_01,ligand_5737_out,-11.662,10,Phe147;Phe149;Lys181,RRM1
model_01,ligand_6726_out,-11.662,12,Phe147;Phe149;Lys181,RRM1
model_01,ligand_7571_out,-11.467,11,Phe147;Phe149;Lys181,RRM1
model_01,ligand_5738_out,-11.44,12,Phe147;Phe149;Lys181,RRM1
model_01,ligand_9014_out,-11.309,13,Phe147;Phe149;Lys181,RRM1
model_01,ligand_5736_out,-11.205,13,Phe147;Phe149;Lys181,RRM1
model_01,ligand_6579_out,-11.155,12,Phe147;Phe149;Lys181,RRM1
model_01,ligand_6557_out,-11.145,10,Phe147;Phe149;Lys181,RRM1
model_01,ligand_9355_out,-11.132,13,Phe147;Phe149;Lys181,RRM1
model_01,ligand_3320_out,-11.114,11,Phe147;Phe149;Lys181,RRM1
model_01,ligand_1486_out,-11.066,12,Phe147;Phe149,RRM1
model_01,ligand_9409_out,-11.053,12,Phe147;Phe149;Lys181,RRM1
model_01,ligand_3103_out,-10.98,11,Phe147;Phe149;Lys181,RRM1
model_01,ligand_9466_out,-10.972,13,Phe147;Phe149;Lys181,RRM1
model_01,ligand_7474_out,-10.947,10,Phe149;Lys181,RRM1
model_01,ligand_3145_out,-10.936,11,Phe147;Phe149;Lys181,RRM1
model_01,ligand_5009_out,-10.917,11,Phe147;Phe149;Lys181,RRM1
model_01,ligand_9535_out,-10.912,13,Phe147;Phe149;Lys181,RRM1
model_01,ligand_2672_out,-10.907,11,NONE,neither
model_01,ligand_4758_out,-10.884,13,Phe147;Phe149;Lys181,RRM1
model_02,ligand_9535_out,-12.151,14,Phe147;Phe149;Lys181,RRM1
model_02,ligand_7571_out,-12.118,13,Phe147;Phe149;Lys181,RRM1
model_02,ligand_5512_out,-12.114,12,Phe147;Phe149;Lys181,RRM1
model_02,ligand_5739_out,-12.048,13,Phe147;Phe149;Lys181,RRM1
model_02,ligand_9505_out,-12.031,12,Phe147;Phe149;Lys181,RRM1
model_02,ligand_9466_out,-12.027,13,Phe147;Phe149;Lys181,RRM1
model_02,ligand_9502_out,-11.97,13,Phe147;Phe149;Lys181,RRM1
model_02,ligand_2090_out,-11.94,12,Phe147;Phe149;Lys181,RRM1
model_02,ligand_5737_out,-11.801,10,Phe147;Phe149;Lys181,RRM1
model_02,ligand_9503_out,-11.797,12,Phe147;Phe149;Lys181,RRM1
model_02,ligand_9500_out,-11.742,12,Phe147;Phe149;Lys181,RRM1
model_02,ligand_11245_out,-11.689,11,Phe147;Phe149;Lys181,RRM1
model_02,ligand_6557_out,-11.68,13,Phe147;Phe149;Lys181,RRM1
model_02,ligand_9014_out,-11.595,13,Phe147;Phe149;Lys181,RRM1
model_02,ligand_9499_out,-11.563,13,Phe147;Phe149;Lys181,RRM1
model_02,ligand_3320_out,-11.559,12,Phe147;Phe149;Lys181,RRM1
model_02,ligand_3862_out,-11.549,12,Phe147;Phe149;Lys181,RRM1
model_02,ligand_5736_out,-11.53,11,Phe147;Phe149;Lys181,RRM1
model_02,ligand_1486_out,-11.521,14,Phe147;Phe149;Lys181,RRM1
model_02,ligand_1872_out,-11.471,12,Phe147;Phe149;Lys181,RRM1
model_05,ligand_1486_out,-11.201,12,Phe147;Phe149;Lys181;Asp247,RRM1+RRM2
model_05,ligand_5739_out,-10.961,13,Phe147;Phe149;Lys181;Asp247;His256,RRM1+RRM2
model_05,ligand_9535_out,-10.607,11,Phe147;Phe149;Lys181,RRM1
model_05,ligand_9501_out,-10.522,9,Asn259,RRM2
model_05,ligand_6557_out,-10.517,9,Asn259,RRM2
model_05,ligand_1428_out,-10.469,11,Phe147;Phe149;Lys181,RRM1
model_05,ligand_9502_out,-10.354,8,Ser258;Asn259,RRM2
model_05,ligand_5736_out,-10.318,10,Phe147;Phe149;Lys181,RRM1
model_05,ligand_4758_out,-10.257,11,Phe147;Phe149;Lys181,RRM1
model_05,ligand_11109_out,-10.223,7,Ser258;Asn259,RRM2
model_05,ligand_5382_out,-10.197,13,Phe147;Phe149;Lys181;Asp247;His256,RRM1+RRM2
model_05,ligand_9014_out,-10.178,10,Phe147;Phe149;Lys181,RRM1
model_05,ligand_8881_out,-10.162,9,Phe147;Phe149,RRM1
model_05,ligand_6001_out,-10.161,13,Phe147;Phe149;Lys181;Asp247;His256,RRM1+RRM2
model_05,ligand_5512_out,-10.116,12,Phe147;Phe149;Lys181;Asp247;His256,RRM1+RRM2
model_05,ligand_9503_out,-10.105,10,Phe147;Phe149;Lys181,RRM1
model_05,ligand_5515_out,-10.1,8,Ser258;Asn259,RRM2
model_05,ligand_7024_out,-10.092,9,Asn259,RRM2
model_05,ligand_3230_out,-10.088,7,Ser258;Asn259,RRM2
model_05,ligand_3103_out,-10.075,9,Asn259,RRM2
model_11,ligand_5738_out,-11.065,10,Phe147;Phe149;Lys181,RRM1
model_11,ligand_5890_out,-10.898,11,Phe147;Phe149;Lys181,RRM1
model_11,ligand_9502_out,-10.56,12,Phe147;Phe149;Lys181,RRM1
model_11,ligand_9535_out,-10.52,12,Phe147;Phe149;Arg151;Lys181;Asp247,RRM1+RRM2
model_11,ligand_5739_out,-10.484,12,Phe147;Phe149;Lys181,RRM1
model_11,ligand_9014_out,-10.367,10,Phe147;Phe149;Lys181,RRM1
model_11,ligand_1486_out,-10.36,6,NONE,neither
model_11,ligand_9652_out,-10.34,13,Phe147;Phe149;Lys181,RRM1
model_11,ligand_3230_out,-10.335,7,Asn259,RRM2
model_11,ligand_9251_out,-10.322,14,Phe147;Phe149;Arg151;Lys181;Asp247;His256,RRM1+RRM2
model_11,ligand_4257_out,-10.225,13,Phe147;Phe149;Lys181;His256,RRM1+RRM2
model_11,ligand_9503_out,-10.222,10,Ser258;Asn259,RRM2
model_11,ligand_4758_out,-10.205,11,Phe147;Phe149;Lys181,RRM1
model_11,ligand_8984_out,-10.201,11,Phe147;Phe149;Lys181,RRM1
model_11,ligand_6060_out,-10.173,11,Phe147;Phe149;Lys181,RRM1
model_11,ligand_5512_out,-10.169,10,Phe147;Phe149;Lys181,RRM1
model_11,ligand_9584_out,-10.131,12,Phe147;Phe149;Lys181,RRM1
model_11,ligand_6726_out,-10.128,6,NONE,neither
model_11,ligand_1617_out,-10.124,6,NONE,neither
model_11,ligand_8738_out,-10.112,12,Phe147;Phe149;Lys181;His256,RRM1+RRM2
model_19,ligand_9502_out,-11.909,11,Phe147;Phe149;Lys181,RRM1
model_19,ligand_5738_out,-11.383,12,Phe147;Phe149;Lys181,RRM1
model_19,ligand_5515_out,-11.371,13,Phe147;Phe149;Lys181,RRM1
model_19,ligand_3230_out,-11.333,11,Phe147;Phe149;Lys181,RRM1
model_19,ligand_5512_out,-11.326,12,Phe147;Phe149;Lys181,RRM1
model_19,ligand_3320_out,-11.063,11,Phe147;Phe149;Lys181,RRM1
model_19,ligand_9504_out,-11.049,12,Phe147;Phe149;Lys181,RRM1
model_19,ligand_5736_out,-10.957,12,Phe147;Phe149;Lys181,RRM1
model_19,ligand_7571_out,-10.916,12,Phe147;Phe149;Lys181,RRM1
model_19,ligand_5739_out,-10.819,10,Phe147;Phe149;Lys181,RRM1
model_19,ligand_8909_out,-10.749,13,Phe147;Phe149;Lys181,RRM1
model_19,ligand_5724_out,-10.722,12,Phe147;Phe149;Lys181,RRM1
model_19,ligand_5737_out,-10.696,10,Phe147;Phe149;Lys181,RRM1
model_19,ligand_1138_out,-10.659,10,Phe147;Phe149;Lys181,RRM1
model_19,ligand_9503_out,-10.642,12,Phe147;Phe149;Lys181,RRM1
model_19,ligand_10948_out,-10.635,12,Phe147;Phe149;Lys181,RRM1
model_19,ligand_7685_out,-10.6,12,Phe147;Phe149;Lys181,RRM1
model_19,ligand_2090_out,-10.591,13,Phe147;Phe149;Lys181,RRM1
model_19,ligand_1428_out,-10.588,12,Phe147;Phe149;Lys181,RRM1
model_19,ligand_1322_out,-10.567,12,Phe147;Phe149;Lys181,RRM1
